"Time","antonio gramsci"
"2015-01-01",31
"2015-02-01",44
"2015-03-01",38
"2015-04-01",46
"2015-05-01",32
"2015-06-01",30
"2015-07-01",31
"2015-08-01",23
"2015-09-01",52
"2015-10-01",65
"2015-11-01",37
"2015-12-01",48
"2016-01-01",41
"2016-02-01",53
"2016-03-01",43
"2016-04-01",36
"2016-05-01",48
"2016-06-01",22
"2016-07-01",28
"2016-08-01",15
"2016-09-01",45
"2016-10-01",44
"2016-11-01",46
"2016-12-01",43
"2017-01-01",49
"2017-02-01",56
"2017-03-01",51
"2017-04-01",66
"2017-05-01",45
"2017-06-01",41
"2017-07-01",28
"2017-08-01",30
"2017-09-01",50
"2017-10-01",44
"2017-11-01",47
"2017-12-01",41
"2018-01-01",48
"2018-02-01",40
"2018-03-01",46
"2018-04-01",45
"2018-05-01",41
"2018-06-01",28
"2018-07-01",29
"2018-08-01",23
"2018-09-01",48
"2018-10-01",48
"2018-11-01",48
"2018-12-01",47
"2019-01-01",42
"2019-02-01",53
"2019-03-01",53
"2019-04-01",76
"2019-05-01",45
"2019-06-01",21
"2019-07-01",33
"2019-08-01",34
"2019-09-01",46
"2019-10-01",53
"2019-11-01",42
"2019-12-01",44
"2020-01-01",47
"2020-02-01",97
"2020-03-01",62
"2020-04-01",50
"2020-05-01",49
"2020-06-01",62
"2020-07-01",67
"2020-08-01",52
"2020-09-01",62
"2020-10-01",63
"2020-11-01",46
"2020-12-01",51
"2021-01-01",49
"2021-02-01",51
"2021-03-01",51
"2021-04-01",48
"2021-05-01",40
"2021-06-01",43
"2021-07-01",43
"2021-08-01",42
"2021-09-01",53
"2021-10-01",33
"2021-11-01",48
"2021-12-01",46
"2022-01-01",58
"2022-02-01",60
"2022-03-01",57
"2022-04-01",89
"2022-05-01",71
"2022-06-01",36
"2022-07-01",74
"2022-08-01",47
"2022-09-01",57
"2022-10-01",57
"2022-11-01",57
"2022-12-01",41
"2023-01-01",50
"2023-02-01",65
"2023-03-01",49
"2023-04-01",57
"2023-05-01",60
"2023-06-01",45
"2023-07-01",42
"2023-08-01",32
"2023-09-01",49
"2023-10-01",62
"2023-11-01",60
"2023-12-01",41
"2024-01-01",62
"2024-02-01",55
"2024-03-01",60
"2024-04-01",62
"2024-05-01",54
"2024-06-01",40
"2024-07-01",43
"2024-08-01",37
"2024-09-01",68
"2024-10-01",52
"2024-11-01",78
"2024-12-01",75
"2025-01-01",90
"2025-02-01",83
"2025-03-01",68
"2025-04-01",90
"2025-05-01",62
"2025-06-01",59
"2025-07-01",58
"2025-08-01",91
"2025-09-01",100
"2025-10-01",70
"2025-11-01",73
"2025-12-01",66